FZ,HDS,MT-木头,万圣节款-节日款,不锈钢,亚克力,仿珍珠,合金-金属铁,圣诞节款-节日款,塑料材质,大连接表单,套装系列,新类目-美甲,水晶玻璃材质,玻璃-小米珠,电镀ccb,石头-天然石,石头-猫眼石,石头-玛瑙,石头-碎石,硅胶材质,纯玻璃材质,线ZX 针KZ 钳子工具GJ,软陶,铜材质,锌合金烤漆,陶瓷,香巴拉钻球,黑胆石散货
,,,,shein - 风格1,,,,,,,,,,,,,,,,,,shein - 风格1,,,,,,
风格1,风格1,风格1,,风格1,,,,,风格1,,风格1,风格1,,,风格1,风格1,风格1,风格1,风格1,,风格1,风格1,风格1,,,,,
风格2,风格2,风格2,,风格2,,,,,风格2,,风格2,风格2,,,风格2,风格2,风格2,,风格2,,,风格2,风格2,,,,,
风格3,风格3,风格3,,风格3,,,,,风格3,,风格3,风格3,,,风格3,,风格3,,风格3,,,,风格3,,,,,
风格4,风格4,风格4,,风格4,,,,,风格4,,风格4,风格4,,,风格4,风格4,风格4,,,,,风格4,风格4,,,,,
风格5,,风格5,,风格5,,,,,,,风格5,,,,风格5,风格5,,,,,,风格5,,,,,,
,风格5.2,,,,,,,,,,,,,,,,,,,,,,,,,,,
风格6,风格6,风格6,,风格6,,,,,,,风格6,,,,,风格6,,,,,,风格6,,,,,,
风格7,风格7,风格7,,风格7,,,,,,,风格7,,,,,,,,,,,,,,,,,
风格8,风格8,,,,,,,,,,风格8,,,,,,,,,,,,,,,,,
风格9,,,,,,,,,,,,,,,,,,,,,,,,,,,,
风格10,,,,,,,,,,,,,,,,,,,,,,,,,,,,
风格11,风格11,,,,,,,,,,,,,,,,,,,,,,,,,,,
风格12,,,,,,,,,,,,,,,,,,,,,,,,,,,,
风格13,,,,,,,,,,,,,,,,,,,,,,,,,,,,
,,,,,,,,,,,,,,,风格#shein,,,,,,,,,,,,,
